[
  [ { "lat": 52.5, "lng": 13.35 },
    { "lat": 72.323897, "lng": -61.691578 },
    { "lat": 47.56, "lng": -122.33 },
    { "lat": 18.849527, "lng": -35.885827 },
    { "lat": -33.94, "lng": 18.39 },
    { "lat": 4.547440, "lng": 64.804064 },
    { "lat": 39.92, "lng": 116.39 },
    { "lat": 58.922286, "lng": 73.101006 },
    { "lat": 52.5, "lng": 13.35 } ],   
  [ { "lat": 40, "lng": 40 },
    { "lat": 42.93646050008845, "lng": 30.40418460867901 },
    { "lat": 45, "lng": 20 },
    { "lat": 38.15885604967782, "lng": 33.78296512799812 },
    { "lat": 30, "lng": 45 },
    { "lat": 35.02554212454633, "lng": 42.6532474552537 },
    { "lat": 40, "lng": 40 } ],
  [ { "lat": 35, "lng": 20 },
    { "lat": 32.59899117143244, "lng": 14.860570715037062 },
    { "lat": 30, "lng": 10 },
    { "lat": 20, "lng": 10 },
    { "lat": 10, "lng": 10 },
    { "lat": 7.614348385324591, "lng": 20.05807155666138 },
    { "lat": 5, "lng": 30 },
    { "lat": 12.604339466859054, "lng": 37.27984227054571 },
    { "lat": 20, "lng": 45 },
    { "lat": 28.06406879950452, "lng": 33.370462834839 },
    { "lat": 35, "lng": 20 } ],
  [ { "lat": 20, "lng": 30 },
    { "lat": 17.56273298047816, "lng": 24.930993560818894 },
    { "lat": 15, "lng": 20 },
    { "lat": 20.000000000000004, "lng": 20 },
    { "lat": 25, "lng": 20 },
    { "lat": 22.577310163152216, "lng": 25.090654940571735 },
    { "lat": 20, "lng": 30 } ] ]