[ [ { "lat": 0, "lng": -100 },
    { "lat": 27.107404453359244, "lng": -80.78973302883215 },
    { "lat": 50, "lng": -50 },
    { "lat": 27.107404453359248, "lng": -19.21026697116785 },
    { "lat": 0, "lng": 0 },
    { "lat": 27.107404453359244, "lng": 19.21026697116785 },
    { "lat": 50, "lng": 50 } ],
  [ { "lat": 0, "lng": 100 },
    { "lat": 0, "lng": 125.00000000000001 },
    { "lat": 0, "lng": 150 },
    { "lat": 25, "lng": 150.00000000000003 },
    { "lat": 50, "lng": 150 },
    { "lat": 52.74764541941198, "lng": 125.00000000000001 },
    { "lat": 50, "lng": 100 },
    { "lat": 25, "lng": 100 },
    { "lat": 0, "lng": 100 } ] ]